url,canonical_url,title,content_hash,locale,page_type
https://www.marykay.com/en/makeup/face/cc-cream/mary-kay-cc-cream-sunscreen-broad-spectrum-spf-15/4US.html,/en/best-sellers/mary-kay-cc-cream-sunscreen-broad-spectrum-spf-15-very-light-111650/111650US10072822.html,Mary Kay® CC Cream Sunscreen Broad Spectrum SPF 15* | Mary Kay,14d9aaaf0e9f332d614281f1696c4e837ffbfff749686e7713379ab1efe16432,en_US,product
https://www.marykay.com/es/makeup/face/cc-cream/mary-kay-cc-cream-sunscreen-broad-spectrum-spf-15/4US.html,/es/best-sellers/mary-kay-cc-cream-sunscreen-broad-spectrum-spf-15-very-light-111650/111650US10072822.html,Mary Kay® CC Cream Sunscreen Broad Spectrum SPF 15* | Mary Kay,d7a192b48e83df694891e36afcef18b61fd6710ad06f594805b72301fae178f0,es_US,product
https://www.marykay.com/en/makeup/eyes/eye-shadow/mary-kay-chromafusion-eye-shadow/163122US.html,/en/makeup/eyes/eye-shadow/chromafusion-eye-shadow-rose-gold-10250192/990334640US10250192.html,Mary Kay Chromafusion® Eye Shadow | Mary Kay,045f776bdc7718a73e2c82766d46b3a7d7ab42936d8698bb970fe72674134a2d,en_US,product
https://www.marykay.com/es/makeup/eyes/eye-shadow/mary-kay-chromafusion-eye-shadow/163122US.html,/es/makeup/eyes/eye-shadow/chromafusion-eye-shadow-rose-gold-10250192/990334640US10250192.html,Mary Kay Chromafusion® Eye Shadow | Mary Kay,e5a46f872581b69bd08f966bf3cee315feb571ab835a9d3b3244d0308f7a2af8,es_US,product
https://www.marykay.com/en/makeup/cheeks/contour-and-highlight/mary-kay-chromafusion-highlighter/164262US.html,/en/makeup/cheeks/contour-and-highlight/chromafusion-highlighter-honey-glow-10252261/990334668US10252261.html,Mary Kay Chromafusion® Highlighter | Mary Kay,79e0a6ef2591d286d7ef50ad1e37d6f719e105cbc007e785020787058a036b7a,en_US,product
https://www.marykay.com/es/makeup/cheeks/contour-and-highlight/mary-kay-chromafusion-highlighter/164262US.html,/es/makeup/cheeks/contour-and-highlight/chromafusion-highlighter-honey-glow-10252261/990334668US10252261.html,Mary Kay Chromafusion® Highlighter | Mary Kay,832198fa533f82038c24acf8d83442835e35dda0f6642316629f1adad45d5d45,es_US,product
https://www.marykay.com/en/makeup/face/foundation/timewise-matte-3d-foundation/175427US.html,/en/makeup/face/foundation/timewise-matte-3d-foundation-ivory-w-130-302053/302053US10099961.html,TimeWise® Matte 3D Foundation | Mary Kay,bc67049a0ff3a97141e55ec3e43bf895b7738a0c6086ef509518c4063dd55b5f,en_US,product
https://www.marykay.com/es/makeup/face/foundation/timewise-matte-3d-foundation/175427US.html,/es/makeup/face/foundation/timewise-matte-3d-foundation-ivory-w-130-302053/302053US10099961.html,TimeWise® Matte 3D Foundation | Mary Kay,13f30e31cd1285a0da2644f88a6de813f26e371b24886a69a8af6f8eed3378d3,es_US,product
https://www.marykay.com/en/makeup/lips/lip-gloss/mary-kay-unlimited-lip-gloss/182865US.html,/en/makeup/lips/lip-gloss/mary-kay-unlimited-lip-gloss-pink-fusion-990273692/990273692US10153484.html,Mary Kay Unlimited® Lip Gloss | Mary Kay,26a1e21fde8638acd22c92c15f7a67318d9133a232b5d5de1bf0d5ebc6e7c440,en_US,product
https://www.marykay.com/es/makeup/lips/lip-gloss/mary-kay-unlimited-lip-gloss/182865US.html,/es/makeup/lips/lip-gloss/mary-kay-unlimited-lip-gloss-pink-fusion-990273692/990273692US10153484.html,Mary Kay Unlimited® Lip Gloss | Mary Kay,87a7a667489c6291916b543d0137000913ccfdbb48f0da0dcbd711ff31523177,es_US,product
https://www.marykay.com/en/makeup/lips/lipstick/mary-kay-supreme-hydrating-lipstick/190821US.html,/en/makeup/lips/lipstick/mary-kay-supreme-hydrating-lipstick-better-than-bare-990282106/990282106US10155207.html,Mary Kay® Supreme Hydrating Lipstick | Mary Kay,b6f23f49d71b215d4dfa856e927d0536ba6592191fd9577aba23f538c500ba97,en_US,product
https://www.marykay.com/es/makeup/lips/lipstick/mary-kay-supreme-hydrating-lipstick/190821US.html,/es/makeup/lips/lipstick/mary-kay-supreme-hydrating-lipstick-better-than-bare-990282106/990282106US10155207.html,Mary Kay® Supreme Hydrating Lipstick | Mary Kay,30acd5217eb49fdfbeb083c5ffb8383d41cd391960a58955c863e519f1cc30a2,es_US,product
https://www.marykay.com/en/makeup/eyes/eye-shadow/mary-kay-shimmer-eye-shadow-stick/233128US.html,/en/makeup/eyes/eye-shadow/shimmer-eye-shadow-stick-midnight-galaxy-10241274/990327250US10241274.html,Mary Kay® Shimmer Eye Shadow Stick | Mary Kay,564b84322f7618f1b9e1eb6ec18e681534ada726659c8df71d77ab3a6e28ca29,en_US,product
https://www.marykay.com/es/makeup/eyes/eye-shadow/mary-kay-shimmer-eye-shadow-stick/233128US.html,/es/makeup/eyes/eye-shadow/shimmer-eye-shadow-stick-midnight-galaxy-10241274/990327250US10241274.html,Mary Kay® Shimmer Eye Shadow Stick | Mary Kay,b07e0416d26a191f8fbba302a74166967fc9b00c596f2ff597edd0f6416f82a1,es_US,product
https://www.marykay.com/en/makeup/face/concealer/mary-kay-multibenefit-concealer/237071US.html,/en/makeup/face/concealer/mary-kay-multi-benefit-concealer-light-1-10210476/990331205US10210476.html,Mary Kay® Multi-Benefit Concealer | Mary Kay,e0f598482690cb3c533b6c4895dbfddbfe0cf3bbf9b199df9aabe2bf247943b5,en_US,product
https://www.marykay.com/es/makeup/face/concealer/mary-kay-multibenefit-concealer/237071US.html,/es/makeup/face/concealer/mary-kay-multi-benefit-concealer-light-1-10210476/990331205US10210476.html,Mary Kay® Multi-Benefit Concealer | Mary Kay,6759c865727963d1eab555d83de81c6d5feae4cca2612d668a3c3e0a7257943a,es_US,product
https://www.marykay.com/en/root/mary-kay-gel-semishine-lipstick-naturally-buff-301084/301084US10094608.html,/en/root/mary-kay-gel-semishine-lipstick-naturally-buff-301084/301084US10094608.html,Mary Kay® Gel Semi-Shine Lipstick | Mary Kay,b2a9f238511de2d86d27bb4a0cc922a728e776ae01f446cde2be776ccbb7ee49,en_US,product
https://www.marykay.com/es/root/mary-kay-gel-semishine-lipstick-naturally-buff-301084/301084US10094608.html,/es/root/mary-kay-gel-semishine-lipstick-naturally-buff-301084/301084US10094608.html,Mary Kay® Gel Semi-Shine Lipstick | Mary Kay,ccbdcd55e42bcdcee76a6390aae34967d790c02776814b989f58b6b7e9f69326,es_US,product
https://www.marykay.com/en/mens/mens-skincare/mkmen-regimen-10242538/990275224US10242538.html,/en/mens/mens-skincare/mkmen-regimen-10242538/990275224US10242538.html,MKMen® Regimen | Mary Kay,296fb76792b7b06a50e50545fcb34922dd2c1854d9cd40ec63984cc85f1a4893,en_US,product
https://www.marykay.com/es/mens/mens-skincare/mkmen-regimen-10242538/990275224US10242538.html,/es/mens/mens-skincare/mkmen-regimen-10242538/990275224US10242538.html,MKMen® Regimen | Mary Kay,8b43d24e53ceee502779058082aee75b516272e69189efee7a103f82bdd25fee,es_US,product
https://www.marykay.com/en/skincare/collection/mk-men/mkmen-moisturizing-shave-cream-10234520/990319184US10234520.html,/en/skincare/collection/mk-men/mkmen-moisturizing-shave-cream-10234520/990319184US10234520.html,MKMen® Moisturizing Shave Cream | Mary Kay,007448c064fc41c9e183c01fd19028a91520f43280db3059c398c51a0d53d149,en_US,product
https://www.marykay.com/es/skincare/collection/mk-men/mkmen-moisturizing-shave-cream-10234520/990319184US10234520.html,/es/skincare/collection/mk-men/mkmen-moisturizing-shave-cream-10234520/990319184US10234520.html,MKMen® Moisturizing Shave Cream | Mary Kay,7d3192ccbeacd7151cb457454f1e4049ada14198272d874808289b58132e9532,es_US,product
https://www.marykay.com/en/skincare/collection/mary-kay-skin-care/mary-kay-hydrating-regimen-990322397/990322397US10230672.html,/en/skincare/collection/mary-kay-skin-care/mary-kay-hydrating-regimen-990322397/990322397US10230672.html,Mary Kay® Hydrating Regimen | Mary Kay,54b3d60122d6af23882cd966c037aceb59b9973457e36ea52ff38958426d43ff,en_US,product
https://www.marykay.com/es/skincare/collection/mary-kay-skin-care/mary-kay-hydrating-regimen-990322397/990322397US10230672.html,/es/skincare/collection/mary-kay-skin-care/mary-kay-hydrating-regimen-990322397/990322397US10230672.html,Mary Kay® Hydrating Regimen | Mary Kay,d9714c99c612ac04ff8d3ad42b302c726f586c2fdb99c81cc86f6b6360d6cf4d,es_US,product
https://www.marykay.com/en/hidden-subcategory/cello-gift-bag-990323876/990323876US10228894.html,/en/hidden-subcategory/cello-gift-bag-990323876/990323876US10228894.html,Cello Gift Bag | Mary Kay,bdfd3d0327f883ea3628ebab0e7d0ddf55188517bcce8b19f49f25c275383655,en_US,product
https://www.marykay.com/es/hidden-subcategory/cello-gift-bag-990323876/990323876US10228894.html,/es/hidden-subcategory/cello-gift-bag-990323876/990323876US10228894.html,Cello Gift Bag | Mary Kay,f2d431c73aa40eb2801e88bef65610ec8d67d8c10c0b4fb6d5bcadbcffead894,es_US,product
https://www.marykay.com/en/skincare/collection/clear-proof/clear-proof-clarifying-cleansing-gel-10233551/990331674US10233551.html,/en/skincare/collection/clear-proof/clear-proof-clarifying-cleansing-gel-10233551/990331674US10233551.html,Clear Proof® Clarifying Cleansing Gel** | Mary Kay,207fc1ba0b9d9af67d6649d66635f9ece9e08f94dea02b83263f9a5e03279b13,en_US,product
https://www.marykay.com/es/skincare/collection/clear-proof/clear-proof-clarifying-cleansing-gel-10233551/990331674US10233551.html,/es/skincare/collection/clear-proof/clear-proof-clarifying-cleansing-gel-10233551/990331674US10233551.html,Clear Proof® Clarifying Cleansing Gel** | Mary Kay,c5333e460fb636b6b1f6b5a84f4ce938b178b066eb26a2798b61b898b8bd129f,es_US,product
https://www.marykay.com/en/mens/mens-fragrance,/en/mens/mens-fragrance,Fragrance | Mary Kay,c82baa3ac23d8e7dd12fd91fa006000ac3f467d53233d5a9b4412a7fdb39503a,en_US,category
https://www.marykay.com/es/mens/mens-fragrance,/es/mens/mens-fragrance,Fragrancias | Mary Kay,445bdf09f6ff86901ebb1e4f90451bd9c97d16fdd4ab2cc414fc88e4adb74bf2,es_US,category
https://www.marykay.com/en/gifts/gifts-for/gifts-her,/en/gifts/gifts-for/gifts-her,Her | Mary Kay,09fbba003bade41ca412a4cc147b149245436ead7a16d125f14d5de7c5e937d9,en_US,category
https://www.marykay.com/es/gifts/gifts-for/gifts-her,/es/gifts/gifts-for/gifts-her,Ella | Mary Kay,a81a71611bc9a579a5124f25b90c452e5761b7c348e87ec711eec3af87f7cc77,es_US,category
https://www.marykay.com/en/skincare/product/makeup-remover,/en/skincare/product/makeup-remover,Makeup Remover | Mary Kay,85a7c6c51c475da1e6061bd730af8c6fdb242ed07c0efcec4744fe9198706aa4,en_US,category
https://www.marykay.com/es/skincare/product/makeup-remover,/es/skincare/product/makeup-remover,Desmaquillador | Mary Kay,093265b9763fde995a51c2a76d8cd18f4a29bb7b1639fe916c69d7660da8ba37,es_US,category
https://www.marykay.com/en/makeup/face/primer,/en/makeup/face/primer,Primer | Mary Kay,3a4684551a3740f2093467c806db9bb1a4441dba1954a0078492e6cd60d31201,en_US,category
https://www.marykay.com/es/makeup/face/primer,/es/makeup/face/primer,Prebase perfeccionadora | Mary Kay,e3fb1f4e8f5f498e2457b0e3e720cb5d2a8340456403e52297f976162295f003,es_US,category
https://www.marykay.com/en/makeup/face/concealer,/en/makeup/face/concealer,Concealer | Mary Kay,5f945210c46aeb215232cec146b178a538057cac5514e2889185e28448f77264,en_US,category
https://www.marykay.com/es/makeup/face/concealer,/es/makeup/face/concealer,Disimuladores | Mary Kay,734efe4a978161b600adc00b1e5b487533c0f410a7c342dd8567713c0bb5862a,es_US,category
https://www.marykay.com/en/makeup/eyes/eyeliner,/en/makeup/eyes/eyeliner,Eyeliner | Mary Kay,db9ceb667c0b8bff165106a808d095bd2d6833750a2e6e841b935287986b41f6,en_US,category
https://www.marykay.com/es/makeup/eyes/eyeliner,/es/makeup/eyes/eyeliner,Delineadores de ojos | Mary Kay,eaad43d9e617202884816cca33ef5671e78784689d0736eaca32ad142b3409a7,es_US,category
https://www.marykay.com/en/makeup/eyes/mascara-lashes,/en/makeup/eyes/mascara-lashes,Mascara & Lashes | Mary Kay,9c2639a9b242ed0d042abc170e4ea81395b4a941d1be4207f666077553c10e77,en_US,category
https://www.marykay.com/es/makeup/eyes/mascara-lashes,/es/makeup/eyes/mascara-lashes,Rímel/Pestañas | Mary Kay,fbf79b9f5b9aa823d02e67384908561d1ddb08d2ea71c1c207b4cbda574242d7,es_US,category
https://www.marykay.com/en/gifts/gifts-category/pampering-gifts,/en/gifts/gifts-category/pampering-gifts,Pampering Gifts | Mary Kay,691665ff1657f5b35e1ce73ff2191a8af5861597642747b3c5f277f064e66cc5,en_US,category
https://www.marykay.com/es/gifts/gifts-category/pampering-gifts,/es/gifts/gifts-category/pampering-gifts,Regalos para consentir | Mary Kay,2a2003d7932d252856e59325410f6adc085a4874684ae25f86343c172b08ca32,es_US,category
https://www.marykay.com/en/gifts/price-range/dollar-15-and-under,/en/gifts/price-range/dollar-15-and-under,$15 and Under | Mary Kay,8ffd8ffbae45dd86afc171d81423130c54e57ba69a25fd79b6bc9d2ad8afa1a4,en_US,category
https://www.marykay.com/es/gifts/price-range/dollar-15-and-under,/es/gifts/price-range/dollar-15-and-under,$15 o menos | Mary Kay,6aba20e4ab2fee44e51912cb68de414c104449fbc7bec6d1fc1bb527a17ac8dd,es_US,category
https://www.marykay.com/en/gifts/price-range/dollar-50-and-under,/en/gifts/price-range/dollar-50-and-under,$50 and Under | Mary Kay,24de1bf756fe681f5a7fa455ddf60064ab584375462f6b7794679eedbdf9993e,en_US,category
https://www.marykay.com/es/gifts/price-range/dollar-50-and-under,/es/gifts/price-range/dollar-50-and-under,$50 o menos | Mary Kay,975f57d3181f422b496285c627bded40f14e3ab8147c4eef49f968991120cdf2,es_US,category
https://www.marykay.com/en/discover/makeup-trends-techniques/blackberry-vinyl,/en/discover/makeup-trends-techniques/blackberry-vinyl,Blackberry Vinyl | Mary Kay,24e2bbd43ed8a146b54acb93465d0019a84ae825a10665b3f042e5605e7ba60d,en_US,content
https://www.marykay.com/es/discover/makeup-trends-techniques/blackberry-vinyl,/es/discover/makeup-trends-techniques/blackberry-vinyl,Blackberry Vinyl | Mary Kay,e3f7a707ed4355ea666626350f6be03c25e9f9c657299d36118e92aaa2b40ee4,es_US,content
https://www.marykay.com/en/new-products,/en/new-products,New Products | Mary Kay,d94ca422aec1318f5dd915d02afcdaf1cc9e3bf4ef05c34874a7b7fe949f3c8a,en_US,category
https://www.marykay.com/es/new-products,/es/new-products,Nuevos | Mary Kay,ea176fb6ef0dcb0ab3fdebd32daeeacccde3924e9d0f9b2305a5788e1dafd839,es_US,category
https://www.marykay.com/en/gifts/gifts-category/gift-sets,/en/gifts/gifts-category/gift-sets,Gift Sets | Mary Kay,b72f0df72084b7ae3d0a923933819352f33b747c9a29e837d6dde241012aa59c,en_US,category
https://www.marykay.com/es/gifts/gifts-category/gift-sets,/es/gifts/gifts-category/gift-sets,Juegos de regalo | Mary Kay,39b1472508e79943f3459efc3d07ba7e12d671b5f537680574b30a828decf29c,es_US,category
https://www.marykay.com/en/body-sun/body-sun-concern,/en/body-sun/body-sun-concern,Concern | Mary Kay,b063fe3b288b2b08c758954c2d4989355f6e8eb15c24ae3eb0c10c97d141fc39,en_US,category
https://www.marykay.com/es/body-sun/body-sun-concern,/es/body-sun/body-sun-concern,Problema | Mary Kay,086da4a7c027d113d8635e6fb54c841fcbf0c73ba760cf278c837eb854a14e02,es_US,category
https://www.marykay.com/en/discover/virtual-beauty-tools/mirrorme,/en/discover/virtual-beauty-tools/mirrorme,Mirror Me™ Virtual Try-On | Mary Kay,475f11f5468435bb730bbf249e21f784ec2aa2ea87ae5eff820fa8b97489b422,en_US,content
https://www.marykay.com/es/discover/virtual-beauty-tools/mirrorme,/es/discover/virtual-beauty-tools/mirrorme,Mirror Me™ probador virtual | Mary Kay,207f2fe93eeadfe807d1b99291020444fef749f726cf03d0dea5df2453b64ccf,es_US,content
https://www.marykay.com/en/skincare/product/cleanser,/en/skincare/product/cleanser,Cleanser | Mary Kay,46367a38a56102f3268c0608201ceca6b8304f87b2d5c0fb29d2449efdef6cee,en_US,category
https://www.marykay.com/es/skincare/product/cleanser,/es/skincare/product/cleanser,Limpiador | Mary Kay,c240008d16d3e14e5e92f3e54420fa2c1a2f36f63f41e7734e214090da53a2e3,es_US,category
https://www.marykay.com/en/makeup/face/foundation,/en/makeup/face/foundation,Foundation | Mary Kay,028e4a303365e801a5db138b68f0728a3bc99218ddd49e254cef950b1a20d954,en_US,category
https://www.marykay.com/es/makeup/face/foundation,/es/makeup/face/foundation,Bases | Mary Kay,b7ca3da05d41bee9fd551d0c72d6afd357c35ad04b80cae35b86e767c4c02872,es_US,category
https://www.marykay.com/en/makeup/face/loose-powder,/en/makeup/face/loose-powder,Loose Powder | Mary Kay,7e92aa5d97cdb7b6fc63a28dab7ba0106b3d4a4bc5825a3a0f11660b23280647,en_US,category
https://www.marykay.com/es/makeup/face/loose-powder,/es/makeup/face/loose-powder,Polvo suelto | Mary Kay,add4c726de3d06b3c4e2e8d033ad60c3dca62b1fb910c3b34ba420ef536b0993,es_US,category
https://www.marykay.com/en/makeup/cheeks/blush,/en/makeup/cheeks/blush,Blush | Mary Kay,1ff5bd462d56108bfb79ae7f08ee0c4d62f8ec0d9c386410f012b06e51f4db09,en_US,category
https://www.marykay.com/es/makeup/cheeks/blush,/es/makeup/cheeks/blush,Rubor | Mary Kay,cc36c26e190186c017c900d8835bef92939de8ad5c4151a5111c3f0b0caba94a,es_US,category
https://www.marykay.com/en/makeup/makeup-tools/custom-palettes,/en/makeup/makeup-tools/custom-palettes,Custom Palettes | Mary Kay,f6e82f28131c5e597485242d90ded4293195b81a3736508979489228b416ca21,en_US,category
https://www.marykay.com/es/makeup/makeup-tools/custom-palettes,/es/makeup/makeup-tools/custom-palettes,Paletas | Mary Kay,3f3e5f81f71d60d6a75f531c98fe8eaffada2e1f96a3df7d3866acc22e55c730,es_US,category
https://www.marykay.com/en/body-sun/body-sun-concern/hand-care,/en/body-sun/body-sun-concern/hand-care,Hand Care | Mary Kay,45f904cfc55ecbb89a54d7c00c9fed2c61f0d10a9a8f10c8591b303d3eb2c5ed,en_US,category
https://www.marykay.com/es/body-sun/body-sun-concern/hand-care,/es/body-sun/body-sun-concern/hand-care,Cuidado de manos | Mary Kay,a8848a6e04afee26f17a7d083f9b7237ec1581fff6feb1e219ecf83f41b849fa,es_US,category
https://www.marykay.com/en/fragrance/scent/floral,/en/fragrance/scent/floral,Floral | Mary Kay,c510683a9af2a720281daf1b8349d5a673923e1580e5eaa32d99aec47f553449,en_US,category
https://www.marykay.com/es/fragrance/scent/floral,/es/fragrance/scent/floral,Floral | Mary Kay,265b08f20d54eb0221b833298287ec9d85b1daebd072c1a8745e8acceba0b08f,es_US,category
https://www.marykay.com/en/fragrance/scent/masculine,/en/fragrance/scent/masculine,Masculine | Mary Kay,55077b3d8cb8e10e8d2208e3b86ee2821200bb5983669560acf84a6dc0502e71,en_US,category
https://www.marykay.com/es/fragrance/scent/masculine,/es/fragrance/scent/masculine,Masculino | Mary Kay,bc166bfe8a6d3d28e3085b80f0ab5fb7a6a0395f775ec2bb2e86dd4862a32d43,es_US,category
https://www.marykay.com/en/gifts/gifts-category/gifts-category-tools,/en/gifts/gifts-category/gifts-category-tools,Tools | Mary Kay,c5da0336f8bed998769fa9eddd033b6444bc2c10c1a179bcddcdeadeb6bdb056,en_US,category
https://www.marykay.com/es/gifts/gifts-category/gifts-category-tools,/es/gifts/gifts-category/gifts-category-tools,Herramientas | Mary Kay,0e794da846320bdd3e4456efa9baadae31cd9d83d6eace569a882ef585aaab73,es_US,category
https://www.marykay.com/en/gifts/gifts-for/gifts-him,/en/gifts/gifts-for/gifts-him,Him | Mary Kay,f377fb6d67272b446a84294dd28a57bc3ed9fe37a1d2b427158005061e4d86c9,en_US,category
https://www.marykay.com/es/gifts/gifts-for/gifts-him,/es/gifts/gifts-for/gifts-him,Él | Mary Kay,bc23e819877cf7351e22a29193311fc30109a1ca09db1ebcbe7ae17e1e019f5c,es_US,category
https://www.marykay.com/en/gifts/price-range/dollar-25-and-under,/en/gifts/price-range/dollar-25-and-under,$25 and Under | Mary Kay,b7e0c32f652a7f3a61fd86180a8890be78bc6e27102f3dfdfe8d2d18260d0141,en_US,category
https://www.marykay.com/es/gifts/price-range/dollar-25-and-under,/es/gifts/price-range/dollar-25-and-under,$25 o menos | Mary Kay,d654581dd5fd81ebb91ac1dfb5e247fc5e951572bfe348d80355895fc539367a,es_US,category
https://www.marykay.com/en/discover/makeup-trends-techniques,/en/discover/makeup-trends-techniques,Trends & Techniques | Mary Kay,aa05631d064d183eb10da90be33da728396f84d4fe85ec3bccfd7796e719929e,en_US,content
https://www.marykay.com/es/discover/makeup-trends-techniques,/es/discover/makeup-trends-techniques,Tendencias y Técnicas | Mary Kay,cff3c5f4a4ca16a04b7e57bf76c5437ae98b64fcef45feedbe3270feef1a3232,es_US,content
https://www.marykay.com/en/body-sun/body-sun-product-type,/en/body-sun/body-sun-product-type,Product Type | Mary Kay,e51fc22b37a75eadd3ca4f78f0aa193230efcb9e70c86b093efeb4254f5475b6,en_US,category
https://www.marykay.com/es/body-sun/body-sun-product-type,/es/body-sun/body-sun-product-type,Tipo de Producto | Mary Kay,97c3bb90fb2099f95a2ba26e1182e22e15e897941e8909bc91b29d68446660ae,es_US,category
https://www.marykay.com/en/gifts/gifts-category/gifts-category-skin-care,/en/gifts/gifts-category/gifts-category-skin-care,Skin Care | Mary Kay,13001ac734d4b3e44d3c6e7efb785340fafe7e81aac205f73cef3a0394f0a2f3,en_US,category
https://www.marykay.com/es/gifts/gifts-category/gifts-category-skin-care,/es/gifts/gifts-category/gifts-category-skin-care,Piel | Mary Kay,7fa952afb396c239d2d16faad1c4f587a9ea82dd3c90a320feed8a511ed9d0c1,es_US,category
https://www.marykay.com/en/gifts/gifts-category/gifts-category-fragrance,/en/gifts/gifts-category/gifts-category-fragrance,Fragrance | Mary Kay,6a14431107065648ba89f6c0371cb75b72f6239b636f56a976a55e9c63c4acc9,en_US,category
https://www.marykay.com/es/gifts/gifts-category/gifts-category-fragrance,/es/gifts/gifts-category/gifts-category-fragrance,Fragancias | Mary Kay,c7c823f1db665d289aed26c2ec8356e4d9b4b1bb36ffe931e1f623fa7ce2f6ec,es_US,category
https://www.marykay.com/en/gifts/gifts-for/gifts-teens,/en/gifts/gifts-for/gifts-teens,Teens | Mary Kay,ceb5074191e8c01a9f58143cd0e359f0f2d1d50a46777cd653dbc572d1b51ebd,en_US,category
https://www.marykay.com/es/gifts/gifts-for/gifts-teens,/es/gifts/gifts-for/gifts-teens,Adolescentes | Mary Kay,a8a4030ef120742e810992d55d24c2cd5fd67b1e774acc3b7545e87e59dd598a,es_US,category
https://www.marykay.com/en/discover,/en/discover,Discover | Mary Kay,72fbd30cde266f1c811fd5795b412f4bf0e7a8ab6514ed72eabfe69bc113fd0c,en_US,other
https://www.marykay.com/es/discover,/es/discover,Descubre | Mary Kay,a376263621832f3b5256d860c160f341b6c04ca929cccce69309a43d9d4ee937,es_US,other
https://www.marykay.com/en/be-a-beauty-consultant,/en/be-a-beauty-consultant,Be a Beauty Consultant | Mary Kay,6c9da94db07f256f56c8b840ebe0a0f3374eb8f9ad505ba3a3f95856ec51561e,en_US,other
https://www.marykay.com/es/be-a-beauty-consultant,/es/be-a-beauty-consultant,Sé Consultora de Belleza | Mary Kay,cce0c8c28bcc8294d06bb17d8324e6db89cceae5a38b0bf5f9ed56a96e940cea,es_US,other
https://www.marykay.com/en/discover/love-your-skin/ingredient-glossary,/en/discover/love-your-skin/ingredient-glossary,Ingredient Glossary | Mary Kay,026b3aa1087f034880ce6144a4d1a2e994929c100845e45507a0e0375797fc7f,en_US,content
https://www.marykay.com/es/discover/love-your-skin/ingredient-glossary,/es/discover/love-your-skin/ingredient-glossary,Glosario de ingredientes | Mary Kay,b78eeb0bd041560977fcf1e0a7388f5550c9bf6a0943370cd589a1bd20a1f093,es_US,content
https://www.marykay.com/en/skincare,/en/skincare,Skin Care | Mary Kay,19f35b944d15acba71eed02c9f5cfb0a4f4a551cd10cdd54560ae0a113e89dcf,en_US,other
https://www.marykay.com/es/skincare,/es/skincare,Piel | Mary Kay,dafbd7be9701bb1409b85dd2ba0ded8bb6b994a7f59e2e11485b57efd5dd404f,es_US,other
https://www.marykay.com/en/skincare/collection,/en/skincare/collection,Collection | Mary Kay,fb736deba82467ce9138ae5af82209b856c2160226f615ebbc8c5ee7b096b405,en_US,category
https://www.marykay.com/es/skincare/collection,/es/skincare/collection,Colección | Mary Kay,0ef36ee51918da92a04ec9613dd73a057c0618c844eedee2e2a74478720bf5cb,es_US,category
https://www.marykay.com/en/skincare/collection/mary-kay-skin-care,/en/skincare/collection/mary-kay-skin-care,Mary Kay Skin Care | Mary Kay,dfd29de8cf511d960e550d2f3570a53494e0abda3d53033a7ac8a1fc67c99b14,en_US,category
https://www.marykay.com/es/skincare/collection/mary-kay-skin-care,/es/skincare/collection/mary-kay-skin-care,Mary Kay Skin Care | Mary Kay,0e7e3573c44b71bbe1bbed873d9bfc0c162660185ecff1cd938110458fef4d47,es_US,category
https://www.marykay.com/en/skincare/collection/timewise,/en/skincare/collection/timewise,TimeWise | Mary Kay,e6ce60838cbf57c6dbe79feb56a55d52d4b0101d007c00bad9f3afcbc6451168,en_US,category
https://www.marykay.com/es/skincare/collection/timewise,/es/skincare/collection/timewise,TimeWise | Mary Kay,e77b82776fd0a46c8d65276a34548ea38085dc50294abc2443e3919c843291c6,es_US,category
https://www.marykay.com/en/skincare/collection/clear-proof,/en/skincare/collection/clear-proof,Clear Proof | Mary Kay,256c3ebb290ef8cf36084fe84aa79f22f5712eab2088afbfe833ee53fce311fe,en_US,category
https://www.marykay.com/es/skincare/collection/clear-proof,/es/skincare/collection/clear-proof,Clear Proof | Mary Kay,fc3eebd61621b7b6513c47f2d0e7a11ebb18ece9b434205270332641f422cba4,es_US,category
https://www.marykay.com/en/skincare/collection/satin-collection,/en/skincare/collection/satin-collection,Satin Collection | Mary Kay,a553ea3052d080baed823c61f4ae4208b4475b0fedbf1766929518b7171fe921,en_US,category
https://www.marykay.com/es/skincare/collection/satin-collection,/es/skincare/collection/satin-collection,Satin Colección | Mary Kay,426f294f93d71117b04ee08ea9ab473758f816cde2600c8172e8aa7c8cfd1f32,es_US,category
https://www.marykay.com/en/skincare/collection/mk-men,/en/skincare/collection/mk-men,MK Men | Mary Kay,35abf85a7f387e3e66b8524b51a257dc7bf5c02ec24dd77b6235a5868440a5ad,en_US,category
https://www.marykay.com/es/skincare/collection/mk-men,/es/skincare/collection/mk-men,MK Men | Mary Kay,0b115425dc1d2ca541737bf99960c5456bdadf205ac3102fe234cfaf71de282d,es_US,category
https://www.marykay.com/en/skincare/collection/clinical-solutions,/en/skincare/collection/clinical-solutions,Clinical Solutions | Mary Kay,6cce6a76364cc139ad0094da88a26ffda091bdc80c4d49b0a33a0873dfa495c9,en_US,category
https://www.marykay.com/es/skincare/collection/clinical-solutions,/es/skincare/collection/clinical-solutions,Clinical Solutions | Mary Kay,98828d1d09ff7b810248aa100732ba59712078525d08a5acd65d4c59eca5e83b,es_US,category
https://www.marykay.com/en/skincare/concern/age-fighting,/en/skincare/concern/age-fighting,Age-Fighting | Mary Kay,0b3e5deec489ffc0851c648a11a6c81c7b0d8200315d6ac31b3e72baf2131fe1,en_US,category
https://www.marykay.com/es/skincare/concern/age-fighting,/es/skincare/concern/age-fighting,Combatir el envejecimiento | Mary Kay,9c9e735e61ca9933cfc535e9c129b75f3768ed1b6344b4bd9494bd059fbfefa3,es_US,category
https://www.marykay.com/en/skincare/concern/advanced-age-fighting,/en/skincare/concern/advanced-age-fighting,Advanced Age-Fighting | Mary Kay,f6ce6140a5b9a7effdf098dc46a2d09251cece8e4e87c3aae91e933df87c1a4c,en_US,category
https://www.marykay.com/es/skincare/concern/advanced-age-fighting,/es/skincare/concern/advanced-age-fighting,Envejecimiento avanzado | Mary Kay,99ce0afc0cda6a0f8a41de4cf1efbfd72c6c0d92fa235f3022ca95a44430320a,es_US,category
https://www.marykay.com/en/skincare/concern/skin-care-concern-moisturizing,/en/skincare/concern/skin-care-concern-moisturizing,Moisturizing | Mary Kay,e5eef3e40a5eb889e764ef501231f75c2c001db877dc07e9091f2b5a5667960d,en_US,category
https://www.marykay.com/es/skincare/concern/skin-care-concern-moisturizing,/es/skincare/concern/skin-care-concern-moisturizing,Humectación | Mary Kay,eebb251212b674286525197340a854a017f4b61aea45dc90b97ac5e61a4087e2,es_US,category
https://www.marykay.com/en/skincare/concern/sensitive-skin,/en/skincare/concern/sensitive-skin,Sensitive Skin | Mary Kay,872e27e1599f06e8ea7b87149aa62b607413e16af51719fcd1a6659a446913ca,en_US,category
https://www.marykay.com/es/skincare/concern/sensitive-skin,/es/skincare/concern/sensitive-skin,Piel sensible | Mary Kay,1f1db0ef8e1256bda8dcc7755be1a5da7b9ae77cfcbee2de378a3bd3c0410d15,es_US,category
https://www.marykay.com/en/skincare/concern/blemishes-acne,/en/skincare/concern/blemishes-acne,Blemishes / Acne | Mary Kay,9d6478bddd744240c01a86f9d7463e558881c7733493fff7f6a9da559d31ba91,en_US,category
https://www.marykay.com/es/skincare/concern/blemishes-acne,/es/skincare/concern/blemishes-acne,Imperfecciones / Acné | Mary Kay,645dae54dcf30c88060f051dd8c56b9811052bbc72ffb4ea5bca421583d12836,es_US,category
https://www.marykay.com/en/skincare/concern/skin-care-concern-sun-care,/en/skincare/concern/skin-care-concern-sun-care,Sun Care | Mary Kay,e9128e54a8614d34edce28eaa522aa3cab704ab9c9b8c8e7739e0dace126503a,en_US,category
https://www.marykay.com/es/skincare/concern/skin-care-concern-sun-care,/es/skincare/concern/skin-care-concern-sun-care,Protección solar | Mary Kay,9566f62b0c0747020ebd58529db1cc28cb3ef6d07677a53bc29bdbffc52b9194,es_US,category
https://www.marykay.com/en/mens/mens-skincare,/en/mens/mens-skincare,Skin Care | Mary Kay,7da696b58d2860fe45c1919f99ff5ab6763913544517e7b41fe89d2dedea729d,en_US,category
https://www.marykay.com/es/mens/mens-skincare,/es/mens/mens-skincare,Piel | Mary Kay,0e9e844806eff4baf75ffd511d0ac4c48ed71e45ecd9e1f512cc46732396ed59,es_US,category
https://www.marykay.com/en/skincare/product,/en/skincare/product,Product | Mary Kay,2493e3397cd2a6b102c41eefb84309c3dd562d03976444a7fc7ae3619362b6c4,en_US,category
https://www.marykay.com/es/skincare/product,/es/skincare/product,Productos | Mary Kay,734ef4f2ea5c76bc5042987bbd46edfa9f8a7be53c23090f2acb3a2c6c323e79,es_US,category
https://www.marykay.com/en/makeup,/en/makeup,Makeup | Mary Kay,bf32146018280b7070821948fcf496ef36f609d19beebbf26cab0779151fa308,en_US,other
https://www.marykay.com/es/makeup,/es/makeup,Maquillaje | Mary Kay,b2e0701d4d8699e8123933409fe65c5d13ff964a0a815fc53973bdf8d8d763ce,es_US,other
https://www.marykay.com/en/makeup/face,/en/makeup/face,Face | Mary Kay,96254c773e32515a6fa3709b5d501b4d17ba7c15f5b3e71bb073a2adb92d84dc,en_US,category
https://www.marykay.com/es/makeup/face,/es/makeup/face,Rostro | Mary Kay,99bf5282187964693fc1628e69d5385c594b9e2666661404ccceadcf00308bf9,es_US,category
https://www.marykay.com/en/makeup/eyes,/en/makeup/eyes,Eyes | Mary Kay,40548e515eb452eaa14c4014f04b9171eb807fdeab45db6b90b6eef9f0bd422c,en_US,category
https://www.marykay.com/es/makeup/eyes,/es/makeup/eyes,Ojos | Mary Kay,2edba423608cdca64e9b4886e342c2f46eebd7749c55f5b23e065adbe025608c,es_US,category
https://www.marykay.com/en/makeup/cheeks,/en/makeup/cheeks,Cheeks | Mary Kay,72581f0aee39a0304151f13035ad33c944333a159a6d35b3cb538228021d88e5,en_US,category
https://www.marykay.com/es/makeup/cheeks,/es/makeup/cheeks,Mejillas | Mary Kay,fdb6e8d25d82122a766404a91141a15fa835a34c3b91551e9d02552035fe8d82,es_US,category
https://www.marykay.com/en/makeup/lips,/en/makeup/lips,Lips | Mary Kay,fbeb626dfa01c49567efcd7d224967c0aa002c35b9bdb649cfacbd9f17d02844,en_US,category
https://www.marykay.com/es/makeup/lips,/es/makeup/lips,Labios | Mary Kay,73c1110f1c87ed20c7a7367096a6cf415a6f9174a804a165a4b207681fff4ca4,es_US,category
https://www.marykay.com/en/makeup/makeup-tools,/en/makeup/makeup-tools,Tools | Mary Kay,fd6ed4b94428b1b753200f8f0d95af2218a3d9a8de97f6df0d730960cbed1d48,en_US,category
https://www.marykay.com/es/makeup/makeup-tools,/es/makeup/makeup-tools,Herramientas | Mary Kay,65c5514205edc08dbf5e92ab8f71fb971e85bd62316254a7041d186d1d251fef,es_US,category
https://www.marykay.com/en/fragrance/womens-collection,/en/fragrance/womens-collection,Women's Collection | Mary Kay,9e940b76d38fb3214e970f1723c4e0f625a0f9aa6edb13fb5f6ab42161377e98,en_US,category
https://www.marykay.com/es/fragrance/womens-collection,/es/fragrance/womens-collection,Colección de Mujer | Mary Kay,4aabd1355912d6b6fe2c5812c983253ad2f431ede5e64457778c5e7763671df4,es_US,category
https://www.marykay.com/en/gifts/price-range,/en/gifts/price-range,Price Range | Mary Kay,31915150d0089201664cfb796550c4265a666f2f0c266447f99e86060f5dfcaa,en_US,category
https://www.marykay.com/es/gifts/price-range,/es/gifts/price-range,Gama de precios | Mary Kay,ae57a6a2212043fec6ac751b63a3345f334261995595751bc2d76b0bb5d30c80,es_US,category
https://www.marykay.com/en/body-sun/body-sun-concern/sun,/en/body-sun/body-sun-concern/sun,Sun | Mary Kay,6ab4146b94124a28e7fe3250939dd69d562c39059521df985a798ec383120250,en_US,category
https://www.marykay.com/es/body-sun/body-sun-concern/sun,/es/body-sun/body-sun-concern/sun,Sol | Mary Kay,1ce538035ac4ed72d9b28d61d3e7ac176899531a08e3c975adf17faa24f184f7,es_US,category
https://www.marykay.com/en/body-sun/body-sun-product-type/body-wash-shower-gel,/en/body-sun/body-sun-product-type/body-wash-shower-gel,Body Wash / Shower Gel | Mary Kay,c46138c205e0ba380377418ad5b3376b504cae9d01744b0984dbdaec7dcaf385,en_US,category
https://www.marykay.com/es/body-sun/body-sun-product-type/body-wash-shower-gel,/es/body-sun/body-sun-product-type/body-wash-shower-gel,Jabon Líquido / Gel | Mary Kay,0eb94b722968f7a8e437560751e2d8ba08d12cb9e78e93ea78b08e15218099e4,es_US,category
https://www.marykay.com/en/discover/love-your-skin,/en/discover/love-your-skin,Love Your Skin | Mary Kay,68d893334cc84a1b2184bf5dd6bda745d6f4689345d4eb1f2e9a579e54839551,en_US,content
https://www.marykay.com/es/discover/love-your-skin,/es/discover/love-your-skin,Ama tu piel | Mary Kay,8879ea65ffab6b7a8c6c6e87708cd3e3edc4aa80395d1a67d323776530762c8d,es_US,content
https://www.marykay.com/en/discover/love-your-skin/build-a-skin-care-routine,/en/discover/love-your-skin/build-a-skin-care-routine,Build Your Own Beauty Routine | Mary Kay,a0b67a782fc4b4ea021d8c197b84910ed14f3ddcaea9916d516c960ac6240adb,en_US,content
https://www.marykay.com/es/discover/love-your-skin/build-a-skin-care-routine,/es/discover/love-your-skin/build-a-skin-care-routine,Crea tu propia rutina de belleza | Mary Kay,a35ade45c0b60b8f22e8512e982a832b4dba55d68937b0a26cce7ac4423c9746,es_US,content
https://www.marykay.com/en/gifts,/en/gifts,Gifts | Mary Kay,e5d36fade607a51f683f3728c16df8fd254b076a0cf43601e305683913986662,en_US,other
https://www.marykay.com/es/gifts,/es/gifts,Regalos | Mary Kay,182680fdf23fa996280f8756e2213e9f39e2ad7d2f5484309627f4d2be2be523,es_US,other
https://www.marykay.com/en/skincare/product/exfoliator,/en/skincare/product/exfoliator,Exfoliator | Mary Kay,4806de0099675486873db686c9fe19448ecd5593dc810579c5b265864c3c69d8,en_US,category
https://www.marykay.com/es/skincare/product/exfoliator,/es/skincare/product/exfoliator,Exfoliación | Mary Kay,84846fb4fff5144517ac76ceb343573592ad28ce631685520a7dbb4db3cf2877,es_US,category
https://www.marykay.com/en/body-sun/body-sun-concern/cleansing,/en/body-sun/body-sun-concern/cleansing,Cleansing | Mary Kay,d6a496afa94888bcfa367a98738939ca912ece916201ab2674aa1c36a04d98b5,en_US,category
https://www.marykay.com/es/body-sun/body-sun-concern/cleansing,/es/body-sun/body-sun-concern/cleansing,Limpiar | Mary Kay,750396995c11d9ee8fe95a4c7be33d4ea56377f69558df23dc84abc033185f6c,es_US,category
https://www.marykay.com/en/body-sun/body-sun-concern/foot-care,/en/body-sun/body-sun-concern/foot-care,Foot Care | Mary Kay,cd1e4c64ee6e40dd00053006ae0a23831a81ee0dc7e44e26a0e89bf1352a8d68,en_US,category
https://www.marykay.com/es/body-sun/body-sun-concern/foot-care,/es/body-sun/body-sun-concern/foot-care,Cuidado de pies | Mary Kay,7525859687247e30ad0820e94533618b8e7e96b47e1a35ee6ae5fa8edfe4cc5c,es_US,category
https://www.marykay.com/en/discover/makeup-trends-techniques/saharan-dusk,/en/discover/makeup-trends-techniques/saharan-dusk,Saharan Dusk | Mary Kay,2c8d127753e3f266ba840dac8eba07a9bc841de4f8e50cf4077d59d3f04343c3,en_US,content
https://www.marykay.com/es/discover/makeup-trends-techniques/saharan-dusk,/es/discover/makeup-trends-techniques/saharan-dusk,Saharan Dusk | Mary Kay,70c608933905abf5f20dcfed0d7424cf93d109382a32612584b1f3832d8eafc4,es_US,content
https://www.marykay.com/en/discover/virtual-beauty-tools/foundation-finder,/en/discover/virtual-beauty-tools/foundation-finder,Foundation Finder | Mary Kay,358304ceaa4fe631eb5d5b43857d45945875350fe7b7a0acf4beed909eab0d90,en_US,content
https://www.marykay.com/es/discover/virtual-beauty-tools/foundation-finder,/es/discover/virtual-beauty-tools/foundation-finder,Foundation Finder | Mary Kay,6321996973b5d8bbba1bc7146efe5b36a55d0c4fc9e30f1b5e8d4b7ee6a58807,es_US,content
https://www.marykay.com/en/best-sellers,/en/best-sellers,Best Sellers | Mary Kay,603bd139dd4b38ebd69afb96c8ff05dd868cead72dbe631a63590a6578ff66cb,en_US,category
https://www.marykay.com/es/best-sellers,/es/best-sellers,De Mayor Venta | Mary Kay,b8066fbc8a3a78864a6d121a5c8add14b9f15b46810f02599bc9066bb3058224,es_US,category
https://www.marykay.com/en/discover/makeup-trends-techniques/how-to-strawberry-makeup,/en/discover/makeup-trends-techniques/how-to-strawberry-makeup,Strawberry Makeup | Mary Kay,d940f49d0d6fd3aa3f1ab9f38416f4079e278c32f53ea8692133085d89c95f99,en_US,content
https://www.marykay.com/es/discover/makeup-trends-techniques/how-to-strawberry-makeup,/es/discover/makeup-trends-techniques/how-to-strawberry-makeup,Strawberry Makeup | Mary Kay,87d7d73589ee65cc3549254cbe38c0f7c6a1a3081611e59c7f190937be41b248,es_US,content
https://www.marykay.com/en/body-sun,/en/body-sun,Body & Sun | Mary Kay,f90edcfd084fc89b46caca6616e53433d463488576fe600103eea4da57965544,en_US,other
https://www.marykay.com/es/body-sun,/es/body-sun,Cuerpo y Sol | Mary Kay,b8161c6aa2594b5522ef004604bda2da8cc5b31b4fa3ad18bf7dd9dbd627c9a9,es_US,other
https://www.marykay.com/en/fragrance,/en/fragrance,Fragrance | Mary Kay,b6c53b63551aa8e0863ab600b031f6fa8fa4557b87d89a6a806c3f4b432f968d,en_US,other
https://www.marykay.com/es/fragrance,/es/fragrance,Fragrancias | Mary Kay,6cff75b5105d7e8cfbcf4fae6cf01ca24fed92c720790739be28cc81dac11b26,es_US,other
https://www.marykay.com/en/mens,/en/mens,Men's | Mary Kay,0c4de5554691445821f3a1edfc973002c63164f6dd4bed73c59e8c2812dbd41f,en_US,other
https://www.marykay.com/es/mens,/es/mens,Hombres | Mary Kay,11e9bade4dbacce35f95398e31c10326147de537648152acea4a514b2c3780d5,es_US,other
https://www.marykay.com/en/gifts/gifts-for,/en/gifts/gifts-for,Gifts for | Mary Kay,f7772de25ad90d3d3ac7be4222180f0c12feab5149a3d76d05b49a5d24dbcd9a,en_US,category
https://www.marykay.com/es/gifts/gifts-for,/es/gifts/gifts-for,Regalos para | Mary Kay,73dd4a826ba79799971c51e78086769d9fb2003d8fa33a8adbb53f92e7445abd,es_US,category
https://www.marykay.com/en/skincare/product/skin-care-essentials,/en/skincare/product/skin-care-essentials,Skin Care Essentials | Mary Kay,999dab2cc88fb72620f102fd5b66f8003dd54c679a0ed317dec8b56cfb3d4115,en_US,category
https://www.marykay.com/es/skincare/product/skin-care-essentials,/es/skincare/product/skin-care-essentials,Esenciales para la piel | Mary Kay,b8b368603e7c6aeee5a5f2baea1874f543174b9d4d783727799f6d7802c34b76,es_US,category
https://www.marykay.com/en/skincare/product/targeted-solutions,/en/skincare/product/targeted-solutions,Targeted Solutions | Mary Kay,ee940c217caaf34374eb12ed1614c3a78d69d4da713e77250f76db5ff2d7024e,en_US,category
https://www.marykay.com/es/skincare/product/targeted-solutions,/es/skincare/product/targeted-solutions,Soluciones específicas | Mary Kay,ffe781f9587702a9d8872a525adc0e4eb5f0cba024750fd4c89370d1f8976553,es_US,category
https://www.marykay.com/en/makeup/face/cc-cream,/en/makeup/face/cc-cream,CC Cream | Mary Kay,7ead05b99d33a9a0c188c41ee79e9118e82079dfe44371503d528f3878ccaccb,en_US,category
https://www.marykay.com/es/makeup/face/cc-cream,/es/makeup/face/cc-cream,CC Cream | Mary Kay,b4fbbcf61428a75a00ee0af1d6619d4e76523d83b2f97a4966a64861d595b3c7,es_US,category
https://www.marykay.com/en/makeup/cheeks/contour-and-highlight,/en/makeup/cheeks/contour-and-highlight,Contour & Highlight | Mary Kay,06802868ffd570713e9aef0cf6213b13e5324e1c24cdd24d372d41c81d7df1eb,en_US,category
https://www.marykay.com/es/makeup/cheeks/contour-and-highlight,/es/makeup/cheeks/contour-and-highlight,Contorno y iluminador | Mary Kay,712771c5308af43f1a6c1bfb57bb86a3799c072e6bb38b2c0d605fa612592afe,es_US,category
https://www.marykay.com/en/makeup/lips/lip-liner,/en/makeup/lips/lip-liner,Lip Liner | Mary Kay,be66151ff9ca36bd4f45f1edc53fd7438a0b3e889be50bc12d6cc9ba02bdd6f1,en_US,category
https://www.marykay.com/es/makeup/lips/lip-liner,/es/makeup/lips/lip-liner,Delineador de labios | Mary Kay,ec0bf2ead6d1659839cd108c1e95c4b0decda11a4784062c88597ec2a4354bd3,es_US,category
https://www.marykay.com/en/makeup/lips/lip-balm,/en/makeup/lips/lip-balm,Lip Balm | Mary Kay,0dbea259afec1b6b1add479d4ac5abb7bff71c2e073d9a5953cd1681d9473a86,en_US,category
https://www.marykay.com/es/makeup/lips/lip-balm,/es/makeup/lips/lip-balm,Bálsamo labial | Mary Kay,9093e477133f98e91961c8020b663fb1a25b8d352e0d0e4d9e993507eb8af303,es_US,category
https://www.marykay.com/en/body-sun/body-sun-concern/body-sun-concern-age-fighting,/en/body-sun/body-sun-concern/body-sun-concern-age-fighting,Age-Fighting | Mary Kay,ec525a0b6f21537fbb45e54ec55f24ac741448bfd70cd910eb23533dfb18d3b7,en_US,category
https://www.marykay.com/es/body-sun/body-sun-concern/body-sun-concern-age-fighting,/es/body-sun/body-sun-concern/body-sun-concern-age-fighting,Combatir el envejecimiento | Mary Kay,f5bd76b682ac6ee927a831532edb02f4a1f4c85d13b41be77c38d9ef15e1d3d6,es_US,category
https://www.marykay.com/en/body-sun/body-sun-product-type/lotion-cream,/en/body-sun/body-sun-product-type/lotion-cream,Lotion / Cream | Mary Kay,d1fab784f351089b1e4d5d74f9010bd23fb6734d5d8389408e3bf129725631ef,en_US,category
https://www.marykay.com/es/body-sun/body-sun-product-type/lotion-cream,/es/body-sun/body-sun-product-type/lotion-cream,Loción/Crema | Mary Kay,6a28a6b654f7ccbce656f123d269dccc9e7fd75a5cd74859d31ac14959c03bcc,es_US,category
https://www.marykay.com/en/fragrance/scent/woody,/en/fragrance/scent/woody,Woody | Mary Kay,9ad92ba9ded1fc570689bb69aa1c4c7a0cd001e9f4e8feda7e5f06b96730485c,en_US,category
https://www.marykay.com/es/fragrance/scent/woody,/es/fragrance/scent/woody,Madera | Mary Kay,7674d55e52f569f794575fc1a2e105d608b5656a98b80222e504976d767b0390,es_US,category
https://www.marykay.com/en/fragrance/scent,/en/fragrance/scent,Scent | Mary Kay,752c162e8a11b825c0f14adfe469be6824fe9d57250ca4b1feb909f917833719,en_US,category
https://www.marykay.com/es/fragrance/scent,/es/fragrance/scent,Aroma | Mary Kay,5402be3430fb19122e44bc1ae27af2c91494b47fbd724d23397c19dd4b47130d,es_US,category
https://www.marykay.com/en/gifts/gifts-category,/en/gifts/gifts-category,Category | Mary Kay,d24940a35cf82cacf61d201479b8ca1719de0cc9222257ac28af97de3298b599,en_US,category
https://www.marykay.com/es/gifts/gifts-category,/es/gifts/gifts-category,Categoría | Mary Kay,8dcd1fabde4d160ba05f3969c508d4dc36fb6fc07d982aa3243c275f47818cfc,es_US,category
https://www.marykay.com/en/skincare/product/serum-and-oil,/en/skincare/product/serum-and-oil,Serum & Oil | Mary Kay,e2a574ee6e45d42c6f8352a63ce403cf705f893ecc7aee951c7a319802dda4dd,en_US,category
https://www.marykay.com/es/skincare/product/serum-and-oil,/es/skincare/product/serum-and-oil,Sueros & Aceite | Mary Kay,45962860467bdd4d1c75799eacc4e43bbd7e62e74b37fefd0af6c570a89003a2,es_US,category
https://www.marykay.com/en/skincare/product/skin-care-product-type-moisturizer,/en/skincare/product/skin-care-product-type-moisturizer,Moisturizer | Mary Kay,6b738f5b49c73e862aee5d2b75312e90e405aedb95156562d109365c6775e829,en_US,category
https://www.marykay.com/es/skincare/product/skin-care-product-type-moisturizer,/es/skincare/product/skin-care-product-type-moisturizer,Humectante | Mary Kay,41d5f98f6d22e89a38f26f74c712377c79cecfbeb8a8b277a57193a6e8182e2a,es_US,category
https://www.marykay.com/en/skincare/product/sets,/en/skincare/product/sets,Sets | Mary Kay,8247df9a2ffe89e4c20592448af2bdc3a5badd0e8e5eb236cead7af58624ca27,en_US,category
https://www.marykay.com/es/skincare/product/sets,/es/skincare/product/sets,Juegos | Mary Kay,581f9571b1de849570f0f61975854b5d38e84c75357ae09b7a509afaf8108a72,es_US,category
https://www.marykay.com/en/makeup/cheeks/make-up-cheeks-tools,/en/makeup/cheeks/make-up-cheeks-tools,Tools | Mary Kay,1a15dc46998c8d89260c0ae42bd57b07dd873eb5e0d93e37bc1e7e9ffd3760f0,en_US,category
https://www.marykay.com/es/makeup/cheeks/make-up-cheeks-tools,/es/makeup/cheeks/make-up-cheeks-tools,Herramientas | Mary Kay,3bfcb1d618da348302b1b8418c7380c807ee6a36dd4d8f07ef033a22efa79461,es_US,category
https://www.marykay.com/en/makeup/makeup-tools/brushes,/en/makeup/makeup-tools/brushes,Brushes | Mary Kay,b9d2c78e25331fbfaad51f9066879457c576f4b1c1bff595c4979bdb89185e86,en_US,category
https://www.marykay.com/es/makeup/makeup-tools/brushes,/es/makeup/makeup-tools/brushes,Brochas | Mary Kay,22fc5e4a0c4418198e9d49db685584cdb3d411a9aa1ba94fdd63d8ab3c7b2194,es_US,category
https://www.marykay.com/en/makeup/makeup-tools/travel-bag,/en/makeup/makeup-tools/travel-bag,Travel Bag | Mary Kay,20cbd4ac73e89aecf87c3daab134eb37b3f8e4d2ce8d55563dda97dd72c0bb0b,en_US,category
https://www.marykay.com/es/makeup/makeup-tools/travel-bag,/es/makeup/makeup-tools/travel-bag,Rollo de viaje | Mary Kay,b357a3d807de47ac53979cc3dc7269515638b4aca448c05def8fa6fd1e2ee3bc,es_US,category
https://www.marykay.com/en/body-sun/body-sun-product-type/body-care-essentials,/en/body-sun/body-sun-product-type/body-care-essentials,Body Care Essentials | Mary Kay,5bc980cc5403fb27a335c5d8141fe0634090120f4d58be1d6fbaefd363a6bb9f,en_US,category
https://www.marykay.com/es/body-sun/body-sun-product-type/body-care-essentials,/es/body-sun/body-sun-product-type/body-care-essentials,Esenciales para el cuerpo | Mary Kay,a9c018415f64c429542cb8004934b7b84709f2deee29037a01e3b22e049af72f,es_US,category
https://www.marykay.com/en/skincare/product/toner-freshener,/en/skincare/product/toner-freshener,Toner & Freshener | Mary Kay,66d6b28a52a0e0576fa1da07e9bec6a5fd90285d9a5c84deed060a9f2b06424d,en_US,category
https://www.marykay.com/es/skincare/product/toner-freshener,/es/skincare/product/toner-freshener,Tonificador/Refrescante | Mary Kay,9ac29bcb1215a57b4b32d56539b11ca665261b5f71b3902da805ca97e7b1c564,es_US,category
https://www.marykay.com/en/makeup/face/make-up-face-tools,/en/makeup/face/make-up-face-tools,Tools | Mary Kay,36dc4d511c9493fe6b95e7d2a6c61e853da5d5ff6c36d6cd226b1efd4820e165,en_US,category
https://www.marykay.com/es/makeup/face/make-up-face-tools,/es/makeup/face/make-up-face-tools,Herramientas | Mary Kay,1aaee1cd82f7add7a8710a15f2e4ca8f2be82e5f29481ec4b9435c4722a661f7,es_US,category
https://www.marykay.com/en/makeup/eyes/eye-shadow,/en/makeup/eyes/eye-shadow,Eye Shadow | Mary Kay,1fd1e1dd9873085da515b08300c30a3dd729e49d9bc01d4c9efd0e5321317e8e,en_US,category
https://www.marykay.com/es/makeup/eyes/eye-shadow,/es/makeup/eyes/eye-shadow,Sombra de ojos | Mary Kay,8eb442d0154fd3ea548d9caa3b9c4c267414e6c6346527716093e875c107acd7,es_US,category
https://www.marykay.com/en/makeup/eyes/brows,/en/makeup/eyes/brows,Brows | Mary Kay,147578cb41aec42bb63b2b6fc5983b35a8430d969ab2229613d18dcde6c2bf19,en_US,category
https://www.marykay.com/es/makeup/eyes/brows,/es/makeup/eyes/brows,Cejas | Mary Kay,ea83535f8b12b56ba5d8f352b8d04edcd07cb2d737638b106c4be32301f141ab,es_US,category
https://www.marykay.com/en/makeup/eyes/make-up-eyes-tools,/en/makeup/eyes/make-up-eyes-tools,Tools | Mary Kay,5ad1ee9e2734d05b66f12f9b5ad6fee018516632f7bfb7c4f81cd223d92b92e1,en_US,category
https://www.marykay.com/es/makeup/eyes/make-up-eyes-tools,/es/makeup/eyes/make-up-eyes-tools,Herramientas | Mary Kay,cea9dc3696574c1d671381ec445ae50380680206baa5a697d674a6aa40d6ea31,es_US,category
https://www.marykay.com/en/body-sun/body-sun-concern/dryness,/en/body-sun/body-sun-concern/dryness,Dryness | Mary Kay,c21ea61433afaa2edbedd64f116225a928ebcbf1724846d47e83193c7b97074c,en_US,category
https://www.marykay.com/es/body-sun/body-sun-concern/dryness,/es/body-sun/body-sun-concern/dryness,Resequedad | Mary Kay,59892af081f59fefec26c56c7032c0ea6b2ce0259568a99711f6817b6a03883b,es_US,category
https://www.marykay.com/en/body-sun/body-sun-product-type/set,/en/body-sun/body-sun-product-type/set,Set | Mary Kay,1428e2661248ff27369c06793bff8b8d1ff0db6765e9c5f7410028dccb5d95a8,en_US,category
https://www.marykay.com/es/body-sun/body-sun-product-type/set,/es/body-sun/body-sun-product-type/set,Juego | Mary Kay,1777e1a532559fc7f00713a8325f6db6c35c90379d4e554124fb39f3de043bcb,es_US,category
https://www.marykay.com/en/skincare/collection/timewise-repair,/en/skincare/collection/timewise-repair,TimeWise Repair | Mary Kay,2352f793403519a84b9c1231f5249a227e3cea819f19131af1038941375df32b,en_US,category
https://www.marykay.com/es/skincare/collection/timewise-repair,/es/skincare/collection/timewise-repair,TimeWise Repair | Mary Kay,84c442a86b2ae1969087b67b76ae0916308907efeb30f55cfc3a835a716f37ee,es_US,category
https://www.marykay.com/en/skincare/concern,/en/skincare/concern,Concern | Mary Kay,4d01d52a2f6e95b3fef9771058812242823e4056cb3dd99908520e122c3dbae8,en_US,category
https://www.marykay.com/es/skincare/concern,/es/skincare/concern,Problema | Mary Kay,083b56c05e6f5bbebce28e227a6000fdb06f03e4661508ee3230f40d0c33e513,es_US,category
https://www.marykay.com/en/gifts/gifts-category/gifts-category-makeup,/en/gifts/gifts-category/gifts-category-makeup,Makeup | Mary Kay,54d018dc373598f6fe64917d2ed49619ab6283441c2880777054922a437d0512,en_US,category
https://www.marykay.com/es/gifts/gifts-category/gifts-category-makeup,/es/gifts/gifts-category/gifts-category-makeup,Maquillaje | Mary Kay,2b00e59878c5dd1205ca3b82f93dda827fc728bf58d1fc157bb8a527b0d583ac,es_US,category
https://www.marykay.com/en/discover/virtual-beauty-tools/interactive-catalog,/en/discover/virtual-beauty-tools/interactive-catalog,Interactive Catalog | Mary Kay,34a4ad09850f3175e923f942d86f1843d86b9607edaf06e2add8fb9ef3ee5883,en_US,content
https://www.marykay.com/es/discover/virtual-beauty-tools/interactive-catalog,/es/discover/virtual-beauty-tools/interactive-catalog,Catálogo interactivo | Mary Kay,2d727de6a5fae6046ed6cb2538cfa1f5b8cccabce05a8dd0d8fa7457be5b76e4,es_US,content
https://www.marykay.com/en/award-winners,/en/award-winners,Award Winners | Mary Kay,bdfa171fe796b079643ac4f9f21482a23e545b1311f62226ecfd1bda84feac49,en_US,category
https://www.marykay.com/es/award-winners,/es/award-winners,Award Winners | Mary Kay,00ad361a0d60b91a7bcdca1f50449687ace79af5346c472c07b24647e77043af,es_US,category
https://www.marykay.com/en/skincare/product/mask,/en/skincare/product/mask,Mask | Mary Kay,13880fff097df4f509201665e4d581d8146b6a61fa546fc2e5f98cd803bd1562,en_US,category
https://www.marykay.com/es/skincare/product/mask,/es/skincare/product/mask,Mascarillas | Mary Kay,c5ebcd8c951983f1dd5296dd326549bccc4487eb3ae380fc029df78bb9c0cf58,es_US,category
https://www.marykay.com/en/makeup/makeup-tools/sponges,/en/makeup/makeup-tools/sponges,Sponges | Mary Kay,e0b794a002bf93e598c2d2fe9753f43182cdc1dbb4072bf69d2c5d7346ac5937,en_US,category
https://www.marykay.com/es/makeup/makeup-tools/sponges,/es/makeup/makeup-tools/sponges,Aplicadores | Mary Kay,8bfd6d047a015805bce5f42ef1947e77b73cc6566f70f4777e9ac06ce4f8fb81,es_US,category
https://www.marykay.com/en/fragrance/scent/fruity,/en/fragrance/scent/fruity,Fruity | Mary Kay,b6dac95c288186f9eda35a63f7edcb3f527a15b40f77a063a9b062cec56ce76b,en_US,category
https://www.marykay.com/es/fragrance/scent/fruity,/es/fragrance/scent/fruity,Frutal | Mary Kay,3bd8cc6dbcf1c893cb082aa25e258cae447ed92becd73bdc9085f375f323d40d,es_US,category
https://www.marykay.com/en/discover/makeup-trends-techniques/how-to-glass-lips,/en/discover/makeup-trends-techniques/how-to-glass-lips,Glass Lips | Mary Kay,9b50faa56e979b366b5fc6baf885025b0931680993ad77c3f76dd4450f630e6f,en_US,content
https://www.marykay.com/es/discover/makeup-trends-techniques/how-to-glass-lips,/es/discover/makeup-trends-techniques/how-to-glass-lips,Glass Lips | Mary Kay,12e638c4a0f92a96384a1d82116e20da07f429cbc0b0b6afa9e5529869b5b0f9,es_US,content
https://www.marykay.com/en/discover/makeup-trends-techniques/all-eyes-on-hue,/en/discover/makeup-trends-techniques/all-eyes-on-hue,All Eyes on Hue | Mary Kay,d3856aed90e3ea7b31141d3f4613006f2b3e3e2c7c075659c7a56974a67d9c48,en_US,content
https://www.marykay.com/es/discover/makeup-trends-techniques/all-eyes-on-hue,/es/discover/makeup-trends-techniques/all-eyes-on-hue,All Eyes on Hue | Mary Kay,845bd59063463a00d5cf9b4a5ffd2553db95b3a2ab96650c5cb8fccd234a899c,es_US,content
https://www.marykay.com/en/fragrance/mens-collection,/en/fragrance/mens-collection,Men's Collection | Mary Kay,e40e8a59f3b1794fe9efc4d20bad8e0e4959103aa30634950c97c430675fa8d5,en_US,category
https://www.marykay.com/es/fragrance/mens-collection,/es/fragrance/mens-collection,Colección de Hombre | Mary Kay,7eac8e4da81f2c269a14f289d6451b130a4bf149ca7749a86a809067426fc75b,es_US,category
https://www.marykay.com/en/skincare/product/eye-care,/en/skincare/product/eye-care,Eye Care | Mary Kay,dbb28dbf8558d5e5c16ae989db0b9559bd57d396d6af7bb4f1ecbe4f10a4529d,en_US,category
https://www.marykay.com/es/skincare/product/eye-care,/es/skincare/product/eye-care,Cuidado de los ojos | Mary Kay,74e589f1d40e3d478680f1517a582f2135e43e8479effd10228135e5257e7f03,es_US,category
https://www.marykay.com/en/makeup/eyes/eyes-makeup-remover,/en/makeup/eyes/eyes-makeup-remover,Makeup Remover | Mary Kay,8e042447a2fa0c577590812c7070f02cd043f744bc3eb8f907085a283448e781,en_US,category
https://www.marykay.com/es/makeup/eyes/eyes-makeup-remover,/es/makeup/eyes/eyes-makeup-remover,Desmaquillador | Mary Kay,7c9f9c612d89e39f4b93f4f6fc3132f83f78b42e564b8a6d661519f90ebb9ec8,es_US,category
https://www.marykay.com/en/makeup/lips/lipstick,/en/makeup/lips/lipstick,Lipstick | Mary Kay,82f057d37aa9f60cdf7b494f366ab1bbc67cd0f2555244ff5af2978a9c453892,en_US,category
https://www.marykay.com/es/makeup/lips/lipstick,/es/makeup/lips/lipstick,Lápiz labial | Mary Kay,fbe7b578c75c776d6efbdf3b0c748dfe91b128be68e2a9a93ff3c6ed8c215516,es_US,category
https://www.marykay.com/en/makeup/lips/lip-gloss,/en/makeup/lips/lip-gloss,Lip Gloss | Mary Kay,7f9fe2b1f5623bdbf2ec9adbd48fb0dd3f455bff7637d91c1b53099bab5e720d,en_US,category
https://www.marykay.com/es/makeup/lips/lip-gloss,/es/makeup/lips/lip-gloss,Brillo labial | Mary Kay,fb695c6de72f99c8fc6809d3794962e4ad6a6d075358c339768e5d5439cca6b6,es_US,category
https://www.marykay.com/en/body-sun/body-sun-concern/firming,/en/body-sun/body-sun-concern/firming,Firming | Mary Kay,c98f6d1c87d37f1034d8505b179de8ec82e351c8567c79c01f4f358387720be7,en_US,category
https://www.marykay.com/es/body-sun/body-sun-concern/firming,/es/body-sun/body-sun-concern/firming,Reafirmar | Mary Kay,e6dfe1695217868525c38ff210ecae12aef85073d1f49ea69155525e5e305419,es_US,category
https://www.marykay.com/en/discover/love-your-skin/skin-care-101,/en/discover/love-your-skin/skin-care-101,Skin Care 101 | Mary Kay,422d723a50fd8709a61a854014bf16361eb41af5c229e5a8d8de353d95a72b33,en_US,content
https://www.marykay.com/es/discover/love-your-skin/skin-care-101,/es/discover/love-your-skin/skin-care-101,Rutinas del cuidado de la piel 101 | Mary Kay,cb432243943a4d0e39e8b5098eb48bf27742b3416ae6c983922f1cf3a691d6b8,es_US,content
https://www.marykay.com/en/discover/about-mary-kay,/en/discover/about-mary-kay,About Mary Kay | Mary Kay,fdf624b221cfd1bdb85d229561b906271823c11405dc5307d94734dab68b89bf,en_US,content
https://www.marykay.com/es/discover/about-mary-kay,/es/discover/about-mary-kay,Sobre Mary Kay | Mary Kay,3ed9a18ba4ba0bea5ad63cf7ff8969aab0e1179c2443ce1088b6657f03b29af7,es_US,content
https://www.marykay.com/en/discover/virtual-beauty-tools,/en/discover/virtual-beauty-tools,Virtual Beauty Tools | Mary Kay,0e41310f15f08652d27a644ca4f0e28eb5717daed085a00bd7ff2dc3869cdf47,en_US,content
https://www.marykay.com/es/discover/virtual-beauty-tools,/es/discover/virtual-beauty-tools,Herramientas de belleza virtuales | Mary Kay,952a408ab8c17cf6ba50b0c4baf586766cc3caa042d668a93f0db160c6b242f8,es_US,content
https://www.marykay.com/en/discover/love-your-skin/what-skin-type-am-i,/en/discover/love-your-skin/what-skin-type-am-i,What Skin Type Am I? | Mary Kay,8138849dd4f873076badce789bad31da92c2cc47df2cd6f3d70022383e2cd46b,en_US,content
https://www.marykay.com/es/discover/love-your-skin/what-skin-type-am-i,/es/discover/love-your-skin/what-skin-type-am-i,¿Qué tipo de piel tengo? | Mary Kay,0080d93153cd103ac6b97b0af79af576381bc47ac5f369136900de3a77340475,es_US,content
https://www.marykay.com/en/what-skin-type-am-i.html,https://www.marykay.com/en/what-skin-type-am-i.html,What Skin Type am I? | Mary Kay®,bf44f6811065c349516fc31540c56fe6fdb8b2ea5e55d241bdfaebb9aac280eb,en_US,other
https://www.marykay.com/es/what-skin-type-am-i.html,https://www.marykay.com/es/what-skin-type-am-i.html,¿Qué tipo de piel tengo? | Mary Kay®,a3e2c66ca242fbc550cfafc200e22ead18ead97c8383bc47b19b12c210b4041a,es_US,other
https://www.marykay.com/en/discover.html,https://www.marykay.com/en/discover.html,Discover,af4aa2098b609be9d6c737d5799de2ed5f504808721e570aa5a5f14ae90151ff,en_US,other
https://www.marykay.com/es/discover.html,https://www.marykay.com/es/discover.html,Descubre,1bb974e2499501f2eca0867af537166a209e9b73272e6e5f5fc1b5bcbee3a01e,es_US,other
https://www.marykay.com/en/build-a-skin-care-routine.html,https://www.marykay.com/en/build-a-skin-care-routine.html,Build Your Own Beauty Routine,84489444cd9a499a34af549dbaaf0b4e65732cd1a9f9f461e8e67c2f8cf980ff,en_US,other
https://www.marykay.com/es/build-a-skin-care-routine.html,https://www.marykay.com/es/build-a-skin-care-routine.html,Crea tu propia rutina de belleza,4d5d9c15f33d4ffdc78fc3641d72145faaac73c3f52cdb2a47d25c674526a445,es_US,other
https://www.marykay.com/en/ingredient-glossary.html,https://www.marykay.com/en/ingredient-glossary.html,Ingredient Glossary,c5778cfb5f3e9dabdbe1b200345bb7c63dc6e4c7e9ab7cad1c605309d8d80ea0,en_US,other
https://www.marykay.com/es/ingredient-glossary.html,https://www.marykay.com/es/ingredient-glossary.html,Glosario de ingredients | Mary Kay®,3f8f444137ec9a2808bf91f2b5b3ec815c9a8a7ec3f1f02adb9586fdc287065a,es_US,other
https://www.marykay.com/en/contact-us.html,https://www.marykay.com/en/contact-us.html,Contact Us | Mary Kay®,21f631e9a648fca0c94dbe53916e81a1c9c5ccc6bdb8c5993f6ee7bccc878e67,en_US,other
https://www.marykay.com/es/contact-us.html,https://www.marykay.com/es/contact-us.html,Contáctanos | Mary Kay®,fffa918ebb7644cc499163dbf75092a7ca10259a235cbf72d548b49d45a136c6,es_US,other
https://www.marykay.com/en/foundation-finder.html,https://www.marykay.com/en/foundation-finder.html,Foundation Finder,c518d1416d0fb653ad51226eb0c1deba25ad95c34add3abc79191ee34e47f350,en_US,other
https://www.marykay.com/es/foundation-finder.html,https://www.marykay.com/es/foundation-finder.html,Foundation Finder,c4be34bd8d243f2309934662fdcb6f1345fff092d360424cf6a3915bf6cf6fbf,es_US,other
https://www.marykay.com/en/mirrorme.html,https://www.marykay.com/en/mirrorme.html,MirrorMe | Virtual Try On | Mary Kay®,5317ce053723dfd793ec8ec83ef4a706ebf533b3150f14591ebe73c107a18233,en_US,other
https://www.marykay.com/es/mirrorme.html,https://www.marykay.com/es/mirrorme.html,MirrorMe | Probador Virtual | Mary Kay®,eef78e0eee807e4963a877dca244718e0190207c479f328ee284d47ff95eaa12,es_US,other
https://www.marykay.com/en/be-a-beauty-consultant.html,https://www.marykay.com/en/be-a-beauty-consultant.html,Be a Beauty Consultant | Mary Kay®,a9207eed017f8a11d4f8faf41e92d342e099a0f0456164851ebf92a3a920159c,en_US,other
https://www.marykay.com/es/be-a-beauty-consultant.html,https://www.marykay.com/es/be-a-beauty-consultant.html,Sé Consultora de Belleza | Mary Kay®,9917b99b76d8bda7a00405b5a000f7865692d9c99adeb493a0afc3af376268ab,es_US,other
https://www.marykay.com/en/skin-care-101.html,https://www.marykay.com/en/skin-care-101.html,Skin Care 101 | Mary Kay®,1b714f06346412e7a42667c2dedcae044ee01e29d084cb75f2fec402218de4b8,en_US,content
https://www.marykay.com/es/skin-care-101.html,https://www.marykay.com/es/skin-care-101.html,Rutinas del cuidado de la piel 101  | Mary Kay®,271fd6385524e098a200f5f1cad6f9be02caf343179e4e9b71e7df03621c62d2,es_US,content
https://www.marykay.com/en/about-mary-kay.html,https://www.marykay.com/en/about-mary-kay.html,About Mary Kay® | Our Story | Mission & Values,1743a1b5a499cc15713545dc49d5cb08ac0e74ff46faddf3ff85e33c8f1a70a3,en_US,content
https://www.marykay.com/es/about-mary-kay.html,https://www.marykay.com/es/about-mary-kay.html,Sobre Mary Kay® | Our Story | Mission & Values,e210f216567c5dda40f9263d2111b9b47d01511ac583abe7979de4b8f69c6218,es_US,content
https://www.marykay.com/en/blackberry-vinyl.html,https://www.marykay.com/en/blackberry-vinyl.html,Blackberry Vinyl | Trends & Techniques | Mary Kay®,0fbfbf0427d43c8581f53491eafcb5e24517e31dc737db2b6b12b82bb3c29d86,en_US,other
https://www.marykay.com/es/blackberry-vinyl.html,https://www.marykay.com/es/blackberry-vinyl.html,Blackberry Vinyl | Tendencias y Técnicas | Mary Kay®,9742b631c3bfdcd3bb9762326a046f538dcf8a91a42555c82a27e504a8373455,es_US,other
https://www.marykay.com/en/all-eyes-on-hue.html,https://www.marykay.com/en/all-eyes-on-hue.html,All Eyes on Hue | Trends & Techniques | Mary Kay®,e6bb29da69927f7843b3de9d5c9cd968999262aa118763f92b35e3dfad0671b9,en_US,other
https://www.marykay.com/es/all-eyes-on-hue.html,https://www.marykay.com/es/all-eyes-on-hue.html,All Eyes on Hue | Tendencias y Técnicas | Mary Kay®,1ad6e2b022238667205627a0b8e11472d912ebd1051fc53500ff81ef515f85a7,es_US,other
https://www.marykay.com/en/saharan-dusk.html,https://www.marykay.com/en/saharan-dusk.html,Saharan Dusk | Trends & Techniques | Mary Kay®,33a3bf24e22bde224cc5c40f9c48d6d77da067547972e553d8fdbe257a2e4c65,en_US,other
https://www.marykay.com/es/saharan-dusk.html,https://www.marykay.com/es/saharan-dusk.html,Saharan Dusk | Tendencias y Técnicas | Mary Kay®,17bddf8fba6443fbd4a861920b83ef2e7ac6d37990114c1c12e3b5e3a1f248bf,es_US,other
https://www.marykay.com/en/how-to-glass-lips.html,https://www.marykay.com/en/how-to-glass-lips.html,How to Get the Glass Lips Trend – Learn the Technique,db30c8ae0777896c7e6b799bfd9c5cb5823af83a25e5a18697f45f26bf576f58,en_US,content
https://www.marykay.com/es/how-to-glass-lips.html,https://www.marykay.com/es/how-to-glass-lips.html,How to Get the Glass Lips Trend – Learn the Technique,7d12f278ea49760fa515ff1c5fe113154778c01031a0301125c0d2e0c04427fc,es_US,content
https://www.marykay.com/en/how-to-strawberry-makeup.html,https://www.marykay.com/en/how-to-strawberry-makeup.html,Strawberry Girl Makeup With Freckles: Learn the Technique!,1bbd1575e1e922bd92afa86dc5fa218d66e6c6bd9de4b13bd806c4252a34f08e,en_US,content
https://www.marykay.com/es/how-to-strawberry-makeup.html,https://www.marykay.com/es/how-to-strawberry-makeup.html,Strawberry Girl Makeup With Freckles: Learn the Technique!,649b406f746a6088734c829b790a2813730b731bd976f4673c2768f110c345de,es_US,content
https://www.marykay.com/en/home,https://www.marykay.com/en/home,Mary Kay® | Empowering Women Since 1963,dd3ed37f9ee931fb9f7963d587b5b100ce4eda94ae4f757a059853bf7cc6ac46,en_US,content
https://www.marykay.com/es/home,https://www.marykay.com/es/home,Mary Kay® | Empoderando a las mujeres desde 1963,fc1b76711458423f980b144612e438b76a73dacc70a0ce3eecac04c0e828f62e,es_US,content
